V1,V2,V3,V4,V5,V6,V7,V8,V9,V10,V11,V12,V13,V14,V15,V16,V17,V18,V19,V20,V21,V22,V23,V24,V25,V26,V27,V28,V29,V30,V31,V32,V33,V34,V35,V36,V37,V38,V39,V40,V41,V42
467.439951296715,1101.97405072403,-587.731068896679,-312.305782928243,-388.190143989398,-470.633109327677,-973.982796567396,1039.07445416071,1546.4223801062,1254.33762750145,-993.36709148233,-870.967122839019,1860.26941929256,324.957554609417,-308.724522857505,836.750284408362,-1240.06182791523,457.197887470632,54.471730989252,-537.771292914725,-1568.54733683819,198.050596528253,-427.074390639383,-1980.04290406687,-69.6396516662424,-1946.10862429272,128.253946999499,-1020.53348901319,-1121.93773519996,-323.008906786068,-196.898249118785,-764.65278660686,-484.054001684799,-836.830227176123,-2326.17678065081,-2196.46433412134,-1224.09586375727,-1738.81053607843,-811.608161456114,-1083.61467682549,-683.852046679438,-40.1568809036389
-1171.66160341425,-547.1743066352,-1224.0826261393,-432.755854564613,-981.015250917689,-453.728694630257,-474.093257948571,-323.1994519332,-2314.55754490069,-822.626360738427,96.0991709992887,-159.577287467216,210.674015657667,-660.339820257944,541.547182958102,-288.239523561234,-166.43984241709,-314.618303269252,143.139837223989,563.388817730548,-51.477611957264,-685.007269167736,205.598742831471,583.517538825604,369.394365367552,336.098865636801,629.992021885032,1.43852321355954,290.523472466228,-36.8157711464402,-348.905826914509,253.237396495784,176.435577909756,246.825288657866,288.481007779808,797.856882680988,583.254423974788,214.540166086481,338.471944138037,244.555106078632,632.359193490393,320.37443899423
455.873893807519,169.830933671582,345.523717220047,27.6118679353672,117.23349362111,554.970507627348,-543.624069677008,43.1879595634363,355.232380882605,282.462863278807,-627.149466539034,29.6812314004866,418.328927100632,-220.891724235624,1233.25355255177,-363.130112432014,294.267314313563,-295.807562161179,-106.543962061726,619.599396817562,64.6605861093623,-123.995660102298,-91.3564281383322,88.5749735717217,14.4442043418597,122.401725387001,329.879861070834,203.656123627656,481.522549090354,419.008135151718,-495.987712129567,-82.5234023484937,-385.62295442684,-343.998082618137,219.250211230799,-23.1228932379207,-677.99092061683,45.4629825999344,-299.703320867109,-364.880101510012,502.148746270714,314.818414637374
200.994492482766,-15.1234208375132,193.573315780327,43.8575777160336,1059.18579478218,-442.985093794668,671.703047268901,134.693573258087,812.926438857913,-372.882794887232,-460.957717850677,-168.189414157748,-772.246863473061,330.486146919215,284.290148829588,176.877925114993,-148.750845690843,247.183010689326,149.673776177801,-824.434318463803,-145.234829751877,94.7325940498638,-70.4437187190113,-806.960468468054,-59.7916583586931,350.923457325413,-306.646353024649,-213.403352211851,-628.990465838665,-521.652750681347,397.730712043188,444.801978352691,541.350583645523,284.842260530282,406.816794727122,70.6068055719403,195.735144494267,101.936622826335,957.989825352316,-136.084539853253,118.920040878268,-11.5729169337583
694.28631828196,-106.728916859092,1489.48622494985,1616.80287073421,2155.16114891763,900.557812503037,146.560991079004,1839.24489022195,1221.67957899478,3239.42902677437,1461.79144858108,1667.12354821964,-866.674191995914,-492.420810180742,908.344081494543,-265.601532414815,629.367596788257,-1613.82883665785,-330.339615823046,-602.318423564242,609.550463966226,120.372846154977,469.587365724415,1517.47934612629,1683.24186171807,819.927637159401,-288.847170794467,1423.97824149157,1969.43768529188,1070.24356537071,-155.026398015986,-361.348435926295,820.276114314279,-144.678062911748,766.712419399699,965.212859726809,-76.7995195477159,2156.45800222696,-998.711751485695,664.355580972798,1378.38055261391,-812.393459096452
665.328879070247,-397.391542710094,-291.417195558199,-571.971246461797,67.625397805395,1.78621342970149,89.1083192668439,-920.247174608323,-533.450918222282,-870.825860970421,-894.832015418137,-8.07262976192897,-630.858700837486,417.23128947381,-527.262351031022,-623.918869974396,-246.073132183672,1338.48431211338,-148.093602545845,-327.262594230608,-87.2587342389869,281.772563820205,-225.780353382555,237.392495454303,-680.243997944692,-480.575889278535,-556.735082921087,90.9296262175928,282.096102151125,143.137236148367,-478.347586345719,-127.692978824466,-191.599787246422,427.595320147756,852.009373128903,181.955090764975,1969.8901447362,288.647662797105,474.757132475423,684.061625520264,282.098292870835,366.262494174734
114.849077566706,187.007758589307,62.4955758612843,250.970914534275,153.921016664936,123.826611804145,176.873597122868,67.4093596605416,30.5927784974664,126.685518068576,211.68317309463,2.23131503818611,275.969430702741,-99.9060090306089,-40.9977011689022,-6.94298865137783,249.74459464122,145.700989581634,-45.6110568889884,20.5940742938469,7.05381377448078,30.0071607544692,4.4763753895712,-50.4562383964931,-113.363156234474,19.4139217313771,141.262473692119,-1.28352372228789,23.0331122566981,-42.2088646587845,55.240081108986,-94.9610607875671,-270.858173577411,-65.9083455109762,-169.449342239804,-57.3247226545602,-59.9047909970534,-99.6003156825159,111.86388253444,-15.2878166723786,-187.785624829495,-210.900753023562
-429.381366795039,-978.268672050902,-733.951701925916,55.3824781258314,-492.846422857795,-541.383381747623,-9.71820883053843,341.349777769015,47.5151058548308,-397.270481468608,7.10881321952389,597.686516003964,-380.831372827675,-758.502622643088,740.393712019976,-798.833805182713,33.3507973308881,865.077563156669,-218.975095206919,1094.32726599475,909.540900035625,758.448369214089,1124.96928985185,224.760315317067,-886.520451124143,-959.512777675156,171.006322167627,-10.2879909390117,-838.764182991322,159.928346352312,-491.4629625325,-243.635113244126,1230.3266121051,824.534681748778,316.958058857451,587.191071343882,1190.5640060483,1154.22604523925,2253.55727931039,2258.12820780038,568.352602200393,721.767900596068
-447.598670189695,-657.411092445276,3.72143054996521,-380.416254060536,-283.50307337149,180.384333185524,-215.617624345003,-594.268785835139,51.9960523871182,783.911001321826,859.487341552291,-887.867603297418,-77.6811720013797,876.593303287088,-306.054494918272,-323.339083079382,-213.825292649546,-8.44769605910819,-141.765346975523,199.499891813199,-1288.24372958211,-1080.39314010105,-1174.37112436005,-1122.17682719216,-1836.96698621546,-990.786631697702,-1017.67259408866,-423.515795806354,-445.917148626376,-1411.96606677187,-873.705773832434,-1444.30933427618,-1412.42252683306,-918.303606133896,-1624.75369556573,-2320.16612091688,-1731.3791081556,-1145.24003517458,-1155.53743898343,-2529.66946102064,44.2523318842266,-3201.50745139544
1059.84792187432,987.642157293217,559.371110413654,50.4268366882342,451.229013626213,-25.2233148428794,-219.332679825612,652.791883646261,-329.660780301865,180.336649200047,763.326372434836,343.165329464591,-296.567952102126,-335.452207432604,-99.8467635779486,-132.033572445521,-371.400084870943,-732.508761268591,-322.770694065586,-293.145392669476,396.753886287946,1132.7480855668,211.142621884386,426.111816814645,769.534434291071,-36.7485791321594,-190.125018474894,1402.93263639846,2258.68253043078,375.922143204846,351.697187416202,759.981882931191,23.0481294783077,540.247118106983,1338.79618884198,1066.01240519765,1096.95409143857,1018.17619165045,370.664506928772,1859.57433008246,210.924510884948,-512.859665825556
-131.880313133247,123.537810208847,-19.8833455462799,4.31782864264239,-94.3796193234094,-188.613035880649,215.322555496156,-419.166500221684,484.940989542694,-134.090569015947,-103.751325827373,130.265421292508,102.759344335339,898.388378259975,-392.453170889627,300.154792560531,-45.034640350653,1297.45274561051,-170.271535840928,-318.400314960785,-224.723630013835,-334.458513497606,15.7735631124498,250.074642216178,24.2079344500102,931.91976620813,-64.5686881611916,35.1033001538275,115.825177987283,263.603056870154,220.806349216596,533.46348714776,585.641434169796,631.760940991179,-818.762726858742,-130.937704970231,-1139.92292602307,-240.548107095354,-761.854889290481,-1450.78712225985,-649.478907271778,-505.04716288983
494.478071493964,835.198793899845,739.98236794119,283.349916229782,234.095551035197,-154.920074854302,573.310536865864,568.919093069606,270.688015871225,169.256677491282,69.4658791307659,437.976871940398,1011.60163093391,154.483682049609,860.831169574435,765.661827653114,487.98160723517,-690.441184126116,765.048243710273,385.307702839268,831.953801223161,-388.047779674106,453.51749484747,1638.32759513977,1920.64266527025,753.436824240996,1479.9867285808,-504.759762166166,-458.953088980094,1480.98182245438,926.636679255619,1265.93373663924,-131.279256242892,-180.014222496071,649.251403548289,2495.61303941824,1487.86106509969,1289.38258815428,773.310790989007,2744.68712861391,786.541954322557,2789.25051090979
537.477927606041,-23.1172704118476,503.366445451039,533.759395805049,532.483734113172,859.309715220096,733.055876007167,1364.81946117623,-38.5980774937963,2423.88733309093,-262.412393833734,2291.65693544125,989.210877034099,1966.26934436215,-232.993902320009,-148.409529109749,-321.550191291585,-274.79940956429,948.400110266388,-1203.76598635998,-746.05615459983,242.308937777137,-610.26712581549,-968.344554494626,-94.1036753732012,813.640152071695,588.726841394123,-651.956596059779,-361.112386659021,-60.0144922808582,-326.627547685673,-430.204385359019,-2338.59784311158,-1451.55576471541,-26.5501072696579,-613.851625365889,58.3380250462808,1255.32332292597,585.29756721226,-3.54895794585318,-296.400799145626,775.486078709327
2458.07369172282,2081.55570518044,3085.10322285681,2693.36040800275,1596.90532502102,439.343302392408,2948.59213455446,2435.17998512802,3859.03033328433,-734.668759959736,1335.0812876139,-503.89990340028,2720.23975683976,1502.24721546366,2286.54467175233,4561.33710043785,2051.4789918198,1574.340722927,1817.19613633229,3908.8167626061,1747.78723739754,1890.33529682608,3613.93789764665,2625.21830178949,778.397109608935,1376.54300004075,-469.803003779694,804.798338595774,730.342370806989,1115.91975617628,2857.93023148849,1475.71964104858,3708.74166500715,3336.27720007049,2422.63076512629,1896.69301939687,2145.65156498856,-405.368780697106,533.128258689841,-340.099819433196,1422.93098491971,3288.9757939015
-518.64947329591,-320.019623580452,519.445218775393,-10.8924861707104,-318.814778823254,117.622702970475,-393.318860013857,402.096334160092,-461.664141159956,210.27696374102,-125.520703488663,-35.6847723758607,369.995448038751,359.144651464382,428.086362610777,573.056011956739,572.052104120791,-1762.16407157019,-11.5218728063827,230.858558860041,1219.59022374868,-952.261515562348,534.614060138756,303.677431372754,-296.083492178948,-619.781386945464,-32.2626607086111,772.642233468199,-507.071941069356,363.910230736145,-362.220507455961,427.503041269828,-650.486222466409,-222.26121745521,-1055.43107222696,130.019251451527,-22.5100951732587,409.786234799929,-932.761739653856,-56.0031617749469,-714.717864787455,-1376.84258776305
393.254866572494,-833.004608130704,-460.314191903581,-24.5409416612492,-723.697668489087,-403.167036559538,-485.794415258428,-204.317751976763,-304.390013676566,-59.9839047617015,-597.192486631706,-1274.91965108481,184.90140899163,-392.570153391879,-615.880155806875,764.341923643732,-946.107629072349,488.888551858996,-455.007168728919,-882.570913704863,-1139.66215452157,-336.10843882874,-426.320328194349,-952.241360801542,-36.0948326214767,-259.693714874449,79.0970924658191,-937.364968515305,-982.241460524,-748.206034864474,-225.355850147562,-694.344513127511,84.7166814405617,-589.203258404513,403.794596654726,-42.7815400757916,-1016.84021882105,-1048.16262782208,-17.3613936566674,483.488062264557,-382.532517455891,-147.515383668569
-70.6356833199414,77.6489225151558,142.210583868483,27.450503459031,59.2564009658228,-324.921559246517,166.698807632469,31.4950993009439,-300.909396115527,152.082839429967,362.874736876122,94.133622206697,-10.267078539615,-327.321863846346,-170.429896514897,-17.5425768554495,-22.3510591393106,90.8573322603203,-57.5943385026154,42.5474784713391,-198.776579935523,-40.9987113817137,-77.5501483491304,92.8741575901729,24.3425112354082,43.1314034761881,112.410283997579,-97.8143736234116,26.8947867418685,15.9889686616599,-124.361477158853,-37.1998937229845,-339.234163714851,-242.954362575785,87.2658682517071,-246.496657283273,-166.643504430497,276.764007120476,-113.192556738045,110.789747794071,-80.1980243366362,464.833507533212
-608.879552910552,-160.330351962586,-427.030984339134,-231.990763302943,-638.723298941808,-341.887020716703,-361.147790723381,-154.872727092814,356.350147217243,-227.010610266927,-423.917222851607,-29.2086613111168,167.811947650375,1170.51025882323,730.708559291508,-479.164561508184,471.638059479346,42.1914123034572,39.4939627008684,-63.7741800056494,568.219571767844,209.902199281781,-190.048947920026,786.188469336268,-205.319887794995,-2.37640550746515,384.761262648744,1660.18560041025,-104.085455230687,1105.31893561489,1400.77214275631,343.513001399945,1627.62870888124,1277.27922133315,-645.068850027363,-278.308901397014,-323.65119408586,47.4968796450366,-34.3394788431141,-102.098785032437,754.624936477704,1027.12914840015
18.0760753444136,-16.5289952646158,4.26006294373129,35.5237092628548,35.108780359253,36.5666017547298,16.2674760568672,-18.341234216819,-4.65969546057952,13.1422724139377,-44.6081895124981,61.1343819060221,12.1344212904466,2.20346938852094,-35.6080125865103,24.4399444322324,13.5775491189272,28.7867382745823,2.40627579527766,37.5908632151005,-29.6058095635911,4.86198339472279,-4.64178515068026,-0.773317802705468,-17.8480141458051,-12.7716190701168,14.8223332723664,-8.88199784398987,-30.5081390298737,-1.16540919820646,21.8921955269548,-22.6846816617052,-55.005845796718,-35.7157757694209,-28.4603169682221,-19.0695825439391,-26.5315699565514,-10.3580371665083,-20.507925887955,1.72896832928126,-7.3366884814214,22.5535460816457
509.94475196193,1275.59825899141,115.497867032196,210.290493307985,518.487477090388,525.670557091938,-152.700916223693,-26.4975169292136,232.5777634461,-227.705267725301,-831.526649292333,161.267038786593,177.759489926665,358.962278066782,252.007627832164,-338.633807563522,-470.853204745265,-414.791687672449,-707.857195377753,-16.9905281393058,410.188136732631,126.053731834927,-216.095497014452,-353.778834712107,8.68267336644404,-383.155727563559,159.53609849419,277.330624626266,-125.594260785913,-384.814808194248,265.290242203149,-295.482164965806,-129.272333597567,64.6931974087353,-160.873544252962,290.388681785235,677.105753590338,-96.2767110492083,86.9344424792934,-276.729191081135,-259.869296909535,-73.2625920522017
-181.860164818378,-196.971987239821,-426.109764998895,-290.060515613779,-228.80038134924,-554.797072036892,108.371799056911,127.568834655078,151.652830890258,-35.0308226086072,79.4972141776535,-76.8553928727857,-175.630502659726,39.9729313148027,-268.2403771111,24.5136643607855,-0.870006239913272,-125.250816489617,98.1756697903625,-195.88469245644,-528.844806500874,-110.680516358713,-429.651071334402,-136.109664806449,-68.8448251526811,532.979490000328,-171.351291486188,118.023070295433,135.849624984548,-65.9153646695866,-433.49859694525,-390.626635567861,-303.956794571311,-134.103778710032,-209.883756235475,-171.243090614275,-622.209763738462,-150.479005045419,-1.47786832962016,-308.707505601028,-90.6955244369192,578.385882867692
198.803387743949,107.851375780367,120.747207401192,83.1699617985233,129.227625384312,262.634455530217,-41.7505875864114,63.5630277727876,176.970073461679,64.3987175377962,-17.0934876369827,279.945309942092,43.7793517807744,467.019933969654,482.597439115071,345.720729773459,330.810931552027,330.848553033948,-42.8578862984894,77.5499631784069,333.253899953694,198.121855463744,4.94985627723838,198.817272418406,229.846431506683,264.133368933971,-250.132846497188,301.682435740299,279.933658601278,-1.88032919579878,180.959246581097,107.089127252483,108.563604604997,-22.5287656380244,23.2561525735438,-133.140249194024,-93.2058770747777,210.362136865492,151.268377788571,47.0546029314568,10.7957456832966,-57.4050870234688
-209.511506021977,-446.985337719701,201.608632180999,115.58142518006,-164.660225439395,-124.205297529722,-34.4167642475903,273.641849862194,-116.981245061517,39.3452923811993,0.263036317874581,209.917425611164,-248.514764177073,-844.495974669875,-505.126472334374,-94.5886602997066,489.096009776468,-185.883604135484,-433.250344914782,-12.9804868303046,457.965305529392,11.8932799099815,-129.620609192312,-429.523286240427,-719.029980871975,-350.104337499068,160.062380508041,-60.7954864665589,-313.404476346778,279.665338323884,67.4938774395159,-489.7013003829,537.946145534723,750.09541301313,1608.87983200666,58.0709520461107,-335.072964840276,-774.286682762078,-78.5429704699826,-244.241863572716,-243.932264185032,-638.374950465164
134.932336568254,277.471309173778,-27.6759699317917,-258.233647610308,-166.189635271347,-60.6279542846558,-274.329426891633,-23.3465849981054,-358.529301867229,-225.702705592808,-116.177193073438,-215.633599674805,15.2449235282981,-68.64138807889,-130.368877130988,-240.092554080172,-424.384898246896,-455.304091344687,25.6184355186759,79.075451942731,205.59124410418,-32.2139903671961,38.5867762980793,157.76739446004,259.40909671675,139.476740002155,7.31927823991048,0.280835290356974,44.4494869818417,-106.138237658721,-164.549875870793,397.712428782159,179.910154614611,331.470910909738,166.708808061711,-185.966389684683,-168.369947185053,455.428124830776,-46.3300471633589,62.9424131470087,143.967023367088,-389.305764406618
-1726.38261907236,-214.157844811828,1324.10102307623,608.49050278974,-1256.16275329294,1011.1922581583,3407.03037303043,-1689.10738541994,2686.79898704665,-1180.47020478747,290.817443047334,-1427.03138014428,-736.725712822745,-2550.30646427178,-1823.66034714882,28.1733396003291,2589.58901655544,-425.298409737902,-500.022564179991,-391.720239967276,1928.10857127855,-425.486013907268,-1354.63395318858,-950.528537821619,-412.831922636795,-864.468259907373,-387.514967748915,-1131.74652764238,-2048.93810184301,-855.563929869061,-737.039172127851,-471.085768757283,-195.180188727183,-2626.15925390644,-3369.93432398309,-2016.36398617132,-1384.17190109381,-2903.71964609133,-1701.05009732945,-2376.07573610456,-2053.00852325623,-4888.33414721164
-405.105217778805,-213.917203542869,-486.231716461649,-229.679563118561,42.4419461017492,-84.4093536089521,-284.576427380997,-119.358537242601,-371.16863074578,31.5262802042179,-87.2795401217784,94.5830053775429,0.56127348381714,229.05140031396,-227.24157738065,-351.674794246123,40.6285991289018,45.5675754271168,-78.6944863549564,-146.565228235985,-435.600299839046,-424.006931251103,105.844246600064,-321.273698672145,-307.160264224003,-156.15979839891,208.277544393368,-208.080414400549,-220.717175981126,-21.2452816529133,-379.846230214689,-428.975310557608,-160.66428196556,-65.9122367502178,-121.727506246877,207.235751558187,-111.739562975186,148.731246459437,-244.850519948887,-133.349066006784,159.440792371151,457.49147214409
-39.1515961334665,-356.55522418271,-117.454485721625,74.0380560037052,197.446183088707,-158.280119828876,127.712379201178,-72.916545768361,134.695004839611,-268.564310218489,482.348693315331,260.144092326755,466.248261748086,296.025903718029,241.749742042406,605.900786936205,-17.8818525628253,-30.0177071780375,69.9868630423127,187.852667823986,258.534831666086,58.7440631476785,-28.1459229429387,-414.163731261927,-58.6647249585722,-193.46512333265,-48.2127719669332,-13.9639460268544,184.398375948641,193.119118577809,145.503898078435,203.054849557314,40.3324838363898,582.844791644883,123.715995098013,71.5894570707736,-3.20539063372056,327.571483712935,301.643249349269,296.591825488538,-60.3489310968968,-296.377938997084
52.0546081332423,-17.5146222560077,-238.62201125034,-264.433436466001,494.412780956012,10.0189786514896,-289.740884075604,40.7354185440286,317.579063018467,-186.361208220691,57.0503194229716,-296.988512327143,-8.1378747814097,117.395932246052,-516.14531304194,-65.2821452201113,-233.849927117034,-265.030762005131,186.944309219304,69.5750964873574,218.878899298233,275.905494475268,-194.719252860196,-93.2844746252328,312.562171916684,35.283316637228,777.170792610269,362.277456074707,-339.568644435843,-290.020916088164,-39.5824210469923,-475.448645126924,-490.000573442545,-509.718571572931,137.891265273227,-436.891765490148,536.055679789154,372.432728533484,94.276830652865,-597.672407636586,-390.605393670219,653.460817323542
450.224597609284,1306.32122926091,755.44476196825,1486.23886310378,1339.63234525367,327.270109681361,245.062979997441,390.535265833285,494.147144226591,-44.4444492460013,729.217321230604,918.401657505165,1037.50557314003,91.0368108288628,373.509510940252,347.281578093542,996.421927639546,447.70332169523,433.558257740069,576.531752436953,436.947321715903,419.333889411204,920.750779333949,-166.348427626282,-294.104212460257,738.362378110482,414.399872836339,325.302698019032,705.392835386979,680.586665560136,992.664522411004,1546.5828515624,88.9047171329299,351.175310523229,-9.81201463751798,3.24630870212518,47.7765321147459,184.754619072168,174.479575375396,434.702755703038,1160.97612127633,-507.467139118581
761.506174775349,1227.57535453773,1730.35344532241,179.818932829639,-647.347841725501,1185.38361673482,-470.284930704595,1216.42455551578,-130.867155933258,664.964876674515,599.716892599995,-36.9630894868297,-910.177270190875,635.156335914097,-431.924360051649,1225.41023571142,477.983377809222,2749.15956114631,-803.492048875179,-1058.51527645631,1683.03723064634,370.068662846925,1586.47311246779,1081.47286930032,1264.9775487586,647.850444179704,499.558478321424,816.409460882867,3422.11968410811,1917.28271636716,923.29204696039,855.295677355869,910.56800529628,-893.662720648917,-405.118807769089,-335.537146636663,-998.746076660253,-845.504118669253,-394.116114735497,-439.13142898642,-509.010941651479,765.290815676567
0.981588394697154,-49.1914715365496,31.7692983243536,7.42053897389005,-11.3441023650794,17.4132458938485,-1.47297834054598,29.0384651182147,-35.3323317428535,9.92463893208498,-9.66344533583158,-3.92936575395876,-35.5332420928619,62.2975678699234,31.7710399236733,19.9149231164496,-8.52314028197804,43.4235204786743,17.9353844866573,-1.12572758143437,9.44208198181422,21.8007508433611,-17.8063207778911,7.20187044478485,-14.1813072981923,-0.806891159231134,-21.0098194182197,5.24304591521347,-0.134336511282226,-4.82410953517491,-21.2041890771145,21.7922042672977,37.4557226569187,0.312000631408704,7.82761324566112,39.1468235999326,14.0499333917455,40.5388005456082,-3.92926801264366,6.05875218446875,10.1431617466797,21.06225856022
1841.10486770671,1170.61009434187,914.437334820507,533.630978066442,28.2390523819088,471.019544870669,629.777566686072,118.695925073734,433.343653151939,423.810679665526,-110.828335116293,248.495619515703,-138.621165543893,201.525016063611,-82.7974278588203,-504.721408973969,-75.2888592043767,-386.564342662698,1067.23481839924,231.338166494971,376.108097965463,-301.138603416294,92.7280586064645,976.814495961782,653.264485545006,340.805150600185,377.296653042568,284.71394816632,332.689112285527,296.268033336694,-360.15286213958,-627.549375966164,-111.300611136145,-0.616663990938142,290.011219841871,-97.5608739272499,246.688754241996,-151.043826411323,407.58972444746,170.689519364753,31.7843326723414,273.267604340912
-161.203554268253,-333.360985970998,-221.799304020937,-238.203648871886,-263.533960089386,-54.1827346175628,257.609891561689,-506.789833340907,-253.927890423504,-81.6962482030106,251.322421404019,-48.9344023355667,-275.719596632618,-335.365860922729,14.1462074422356,-1.78494651394309,-376.661231611453,-606.583644359974,-221.3983861869,16.2061777130874,-42.8218499066233,-113.812909952994,-184.943824867529,245.800889020015,514.468913093828,394.834771510304,355.105482562981,534.8906612737,-124.356449989246,247.200232072027,856.222617088616,552.356540933973,-277.97089821295,555.666289141207,421.902157842592,-165.518746991555,-99.9676311865503,52.043325446689,57.7044722769538,-38.5532768920052,-241.76650368106,1165.4998400954
230.574446020831,415.640790526966,-9.17313570419569,218.312603213855,66.9974465458841,437.068946973204,214.034033283363,144.396874319431,476.374547343851,78.0885361043672,296.610173371284,92.1668361333543,-8.83298932154101,-81.4291711118368,214.863745086095,122.697597791465,384.377007109794,303.104476244898,382.039919606522,210.426588537856,174.132625639645,-9.20539322062353,688.071694815357,57.7972221382589,228.087620964333,80.763769571435,219.354674546425,227.111903733711,263.025134056128,-1.77338810008347,123.012764390722,148.779207050369,302.630587513736,180.445508485729,174.056448736683,10.2255348167883,344.180346236653,-118.122713225772,220.904064079814,282.647075323269,293.44075000984,173.86019577705
-282.444417330686,-172.984703997553,-467.34599629565,-50.8059779447687,-496.882080906835,227.457484549005,60.0277203940874,-616.379840927516,-536.22320337234,-114.336209230744,-147.715076653343,-307.208199090204,-4.07772093539321,227.130426609476,618.52486833944,540.301882393463,-299.856672027084,282.258663476442,-436.812973828092,-677.754899844812,19.6729954792806,-0.545467621944942,-477.078330808314,-65.8183087794264,-321.298951734133,292.494398321786,-326.845971601064,39.2779142357438,-1056.08994543692,-169.316923264241,-49.6226447060425,126.46745338546,535.331347813199,-81.0544413704116,-419.400761069797,248.54162743323,497.162175872883,198.151755024635,5.51118289845338,289.382705870699,291.138894409859,-75.421683563726
832.023721705018,380.959089045614,823.122500306467,1310.35359962425,1230.99797412279,1120.3688592743,729.509951810821,921.602443701354,1256.06721300847,1007.53179503227,532.31945375625,-4.04555118973636,573.540324116835,834.937801542862,376.556124950818,1061.30860230432,851.672864571902,162.722366243598,904.689336482702,1441.17577439451,416.838368870094,621.90520388951,498.753922279651,1272.30544649387,1553.41508092835,977.199507016298,717.611031793421,407.936804179289,978.966483593774,512.087422204497,425.254032969994,381.070504491576,244.127712057965,381.515977644337,242.606552060927,-77.8450801131025,77.4168821868185,505.005071732113,142.162481941282,720.447046667947,307.579534864322,118.723027156821
-1000.89669694379,319.599807838872,-316.920008346327,-863.646064624942,-353.484991254148,-353.258677496822,-243.639032235986,-333.464385307851,-128.851943873555,1540.23302420948,2624.56171221385,730.379895522621,1379.07821098438,1479.71756703885,1150.34658805619,-6.83743203854401,842.098198730763,3964.22257806696,1178.70233591229,150.232947096932,-545.894369532372,-714.873342283572,-805.459151504973,-1060.37558579972,-235.137911498518,-839.885704839543,1374.19997723569,1169.98551597737,1029.65169736293,-582.168951331139,1426.4446214125,1222.21275802895,2231.22055764707,942.793779549982,1903.22552541564,3921.01031967866,5584.4900991483,260.382286454561,1402.21713084796,245.012630090828,2606.04221581975,2284.63008316802
171.896233593005,437.264055751676,-34.971290343938,1791.53574566177,714.827997897889,1134.95420754978,1410.43206067849,1570.75761876751,299.454837032694,-57.5635840197022,-310.855661197019,-132.754415410748,361.549502312462,1475.08582149636,921.254987763331,428.326067689807,292.761265159187,-433.493505037946,780.729373042925,-742.643583761552,-516.874726627506,403.451342143058,752.907819359316,-102.761490254207,1286.45774565187,848.746394430746,-46.8451848134848,159.067629038376,1087.67543384615,1391.82775712171,930.663158061358,404.322648392994,-228.82072637762,575.88263348415,918.434667287563,-745.771022363746,-1015.86751238041,-7.02374225900211,-63.7598812063106,90.3233790933554,-275.123320631581,1132.50246179845
61.4534674348463,33.516075279123,102.264986142895,-304.206573089964,984.142003171676,231.711871869095,268.935166339696,127.908911442732,117.04539290366,593.350914540984,491.165428117873,654.16250468571,504.979494356022,1175.35191347734,1782.56923547923,366.03744571096,1477.52234218656,865.993040166728,963.198557059425,2247.7141404334,1372.09909224878,2054.48772098091,860.79676952821,1872.70558978941,964.601584908883,1324.87280009682,767.346592704022,899.266568498592,327.115753520232,1037.61251990907,753.599803403064,490.270971814271,899.470162269832,1557.81949248708,1103.56770789802,1559.40741299076,415.149020993685,626.899630074325,1030.35504326329,1075.54263065471,582.686020723463,1456.81034204335
70.9728772092664,-233.459862839181,-145.754134772935,3.85921372766009,-165.220028911682,-0.349422616770046,-409.300381869136,0.0532468791057934,-43.8570757772113,37.0684669891259,-57.2167767577895,-579.478697796305,-125.128334290155,-208.44715618992,-23.6306334253086,28.9973976614051,-495.702278106361,-0.570819331055167,-528.771709483404,-851.245978235715,-178.07060080881,338.396135208351,-78.6111771043232,-548.326897716137,-654.115985956239,-906.581550506206,-796.98520428629,-407.6289008463,-463.415925052559,-583.301690043386,-807.833422030511,-458.432396407845,-1334.51608730592,-324.041097366205,-1173.26310952524,-730.007204731786,-524.374711653885,-1022.57477764688,-736.220097377774,-631.201306561321,-1082.0159219442,909.693490454626
-670.289507697782,8.216985527099,972.762512363398,381.37887962833,-298.330376842022,557.203502929697,-509.020486062498,-400.873677575466,720.319761886263,-174.48694345623,1868.36862664845,967.359661480493,-340.261861269916,-2196.89205986987,-925.08189923511,1057.78674851007,-1072.8294976232,3055.61247542605,2593.9201412736,50.8861626394626,-1584.54980578129,690.007284000751,2254.04961457718,1132.91408799848,970.943184158635,3293.68768463834,1807.90299478893,319.362305010675,44.631252261026,2405.42898620153,1872.72649506306,3040.51198710191,8003.10065706866,136.948892301027,790.782577640314,5053.20282774267,535.7556498858,1836.87365700097,6567.27955908654,636.95747501871,5036.37507282381,-190.284351501711
500.687762563684,700.216363274161,1492.13477111952,211.160681292981,-168.928533814578,760.812930253487,1297.70241646869,139.421963756384,550.482749708726,592.922854354179,279.498686797064,872.331162770511,66.3114648435264,-634.135992719195,-124.034743700089,-294.463261784435,-217.70981771188,147.624449786419,-357.674440982414,-898.967290408141,-414.2131736611,-681.392168888625,-578.229516032952,-576.94859771608,-484.051035543265,-3.41819430111749,76.2699875883469,-716.029364033873,322.725012262744,-899.127054905573,467.505966787616,-398.755821766115,-379.784310025133,-563.073650735026,-363.329820364116,750.050557573514,-344.099357975789,-448.796118967096,101.741532848383,35.69705310438,695.08710826076,791.372845324498
22.5950084425435,13.5918901892087,243.8868536011,62.6872730994876,-113.48030636353,354.360865343956,135.378279505255,73.5622685856088,6.94688618344038,-24.6349361091836,57.2043156881724,124.451267995618,32.8995680501239,288.730483112615,22.4478633250785,221.016684846286,219.021196260011,32.0233375040893,57.3986232878484,338.197637541517,-60.1812225420974,401.238653551775,150.922874450129,317.892584208485,625.387468746588,121.703272982946,25.1513884570198,48.3591291726589,176.801920632667,80.8064611127227,136.462259401134,-29.4500676985916,363.937023416432,30.3100004033169,239.329624889013,275.644341149741,640.005539445756,332.528840780351,65.958393280713,108.882454159779,75.340641202597,135.115313740951
-49.4583978742541,147.202759663201,-151.756010550382,-172.081009568941,10.944059942692,224.79502498364,300.140288523314,182.040081529783,254.071509354215,-1.27121310424638,-252.250111187052,140.50751664387,-160.744064000323,-348.676401800369,-179.275782876576,-165.645393577172,361.80753219525,-96.3699624418184,133.318956952302,160.365636164439,213.92559193341,-127.236746485327,387.102805038074,-42.5433428632363,-626.948717769748,-274.628791980726,-362.10729159161,-558.105602766704,-140.43241950923,-655.253880258256,-214.390482570709,223.919069671741,-395.543190852295,-487.306281537367,-35.1517523031821,-130.299427123584,-4.49838434303195,-334.587594458225,-515.247432227743,-174.648935701505,-406.94029111758,-79.5946122145863
-298.476234653953,-36.2408271691448,-111.252197629664,-418.745511868768,-190.882966607218,136.597818329697,-314.874156632728,-151.094044336669,-96.2263491210598,36.7921475602049,-379.222546902901,-22.385998986556,34.6445872778311,475.571541725558,-406.316444113919,52.839619486301,-120.125101387772,-122.872839091158,553.968208064983,-482.212951499241,139.89253153256,-467.472024331648,-289.132304792001,-199.470807894434,-149.652446484517,-343.991965925117,-117.345369753172,-49.7628015285676,406.439676166307,-428.014320011221,-470.506347376088,-45.9018041029608,-489.982465654136,36.5363347341305,-136.616948758504,-553.092703923587,-205.4955860651,-84.7717969340465,-622.188470504327,-150.40018831604,-573.220728667643,-129.612693266745
ts_monthly$ts
395851.490419495
395013.478867692
396001.538682375
393533.694131105
386203.771573938
384003.654910169
386318.722709368
382704.999287119
382698.788836833
381844.051195943
385353.783693836
385106.712601285
385487.701548906
385815.16380587
386417.249673879
384479.566031219
385543.363279093
387409.99767617
386722.053671528
388314.86553819
388174.894326774
390376.908109141
388839.707412411
390352.785213303
391575.090680184
392173.953106773
389828.593661368
389455.629153164
389123.377414246
390183.917071634
389507.492356542
389298.581735743
393708.411311028
392373.8729156
392216.565296883
394806.717305189
395528.857163092
395628.115840767
396400.131549632
399238.092527887
397838.793222174
395389.29425841
399291.08062666
394062.67982518
395057.944644559
395523.833169908
393888.062281734
388562.962445731
388581.092238173
392019.06537987
391895.706490329
387636.828151406
392520.575051839
386814.092246169
385099.585476134
378960.964948698
377803.496313347
373626.693396535
371540.238561266
375986.332851303
377512.072852636
380929.303601192
378403.42376553
377496.086274835
377275.401659921
376415.652260303
378309.559598636
378126.697423121
377298.091885423
380021.103317747
380865.5169528
384140.122489412
383531.096896259
384511.655696886
386866.213842367
387464.87858813
387221.850239532
389002.754205344
394364.269103294
394088.154553793
394655.797134664
394061.948725248
393688.904303562
392823.15270139
393049.203265743
393021.729406783
393080.129054643
395307.804341483
397935.059826117
395488.595260136
393802.028561055
392071.058412465
392977.861618706
395270.438995184
391232.825212387
386277.847907112
381670.978803677
383051.806738442
377607.868384075
372726.154555499
366928.134910639
373114.492445958
380478.394459942
377992.950974191
382676.421677599
383539.578748413
382888.110990785
384301.728483949
384945.447258372
382972.99695829
376552.92482292
374519.517127097
372368.569854424
372643.567113684
379689.444837806
387448.612808519
383993.518941013
384770.612612249
385473.643450108
384163.31373273
385771.139554419
386437.161535645
386192.991832182
390625.427878983
397064.055125223
395139.127383361
394682.802698657
386706.327189953
387740.753193475
397527.017991475
390982.64174714
394860.89742516
401474.17031776
402375.262308329
403180.482590496
403738.762657508
399590.010445341
404673.302541942
408600.666343494
408703.573427525
407506.907069441
407806.455795804
409543.545045078
407234.929495682
409054.031803138
409803.178420492
411143.930047739
412769.135392816
414771.162159151
415469.712920395
415881.712172573
415049.132232011
410975.427998433
411763.532323059
406921.573116466
407773.434609419
400097.66739465
397849.430207506
402534.441868804
399024.901009337
402834.671304213
400949.214205204
403498.124757495
399063.10778282
401057.125956386
402344.320192308
399914.598015511
395081.673395772
395979.742369395
395998.885552222
402868.602064333
399067.936466017
396968.332011868
400564.725777305
402055.574720474
403907.85676245
403791.295405519
407461.635917211
415010.838668536
411712.532374428
408764.815320455
407101.393963362
404689.638785019
405748.590413805
406676.786987561
405576.466064161
409439.417219053
414929.479917724
413001.885244722
412338.09366845
415082.957669458
412141.510103164
410455.939858851
412455.414748564
411340.644718044
404125.781806895
402415.643704611
401431.014489653
407280.362901398
403925.746649364
402949.634326264
403451.154156194
407098.948582662
405402.015716022
406393.793357069
405770.042228786
404692.674171269
404219.721694149
401328.138625068
399674.122040295
402378.730560418
403370.557938481
399985.512571719
399120.601630557
399523.056497473
400339.728276867
395101.638464554
392673.550223983
391457.271063266
392449.774592966
394876.838832916
395817.647130829
392879.715791944
389603.13494121
392777.963220382
392383.641606437
396673.537817603
395886.665517724
397487.503281743
399352.507721803
397130.861372237
396237.174157153
397433.149975326
391746.22589895
391039.981950333
392804.645361344
392469.961970942
390130.536054004
395199.756081036
390111.940318165
389466.505006098
394688.885460663
398484.72150655
400632.175908296
402145.805866233
403524.866197877
407042.001033403
407124.752960791
402522.301912983
402805.420453208
402852.504046432
397072.260385189
394578.092171637
398802.099107533
402488.188518073
404817.602879068
404000.792460778
402397.526660635
400889.547177047
404386.947171599
402332.564067531
400108.83775088
405459.787450909
406912.00728551
405388.242415646
405608.187048972
408544.49759819
410288.029629071
412812.271244989
411711.835766199
409736.824798751
398921.411082417
383600.403563087
376856.521405329
389428.617403295
397784.191500319
396991.768073488
395586.839514143
386746.123728532
393813.986069154
395283.295822979
388207.525000086
395988.175205105
390046.943869868
390325.418086794
391472.292721467
390823.32865298
396956.528922125
403025.842703175
401996.259839589
400784.96036599
403032.308697423
401525.941713488
398891.916496073
398095.81497733
397229.31075376
392692.571743256
393996.508470691
395494.213039632
393249.607286352
398826.778414532
403798.127714401
404704.191551136
408150.959027491
411777.593500439
413012.798600452
415396.000230876
415506.163264754
411525.745405561
419041.866447291
423212.828835232
422791.083347779
423210.552959937
422052.160469149
436902.672615168
438291.514139816
436989.784402334
436830.276650106
444500.359226764
446337.30465112
447265.791023123
448685.90059328
443614.626234417
444493.429459591
448876.249280361
446477.685251272
443261.511707642
443397.49825728
443520.458186029
434575.821377103
428490.426815186
432568.672017643
435884.237415959
442045.327206761
442648.311733686
445074.363871818
444677.493283425
444532.886987964
445634.805443504
446573.395769793
443925.613535067
450692.056860584
449259.988982105
442308.829521567
453531.130522169
454071.67734222
451439.074658492
446543.639463733
448461.890689848
442460.513755685
442653.637229188
448176.364863742
456076.852385151
450065.412928731
443604.414906045
447918.124414678
452283.464964983
457119.90146852
457082.624508472
456341.542783689
461255.810029728
458808.027302312
454732.090223111
451493.841592709
453515.433700072
451383.137825247
440220.74459173
437944.82219477
439862.617687035
441720.964158724
435609.771070714
441189.659167897
433886.030010215
442369.474388741
436293.705081878
435992.001484327
433293.593507944
432103.606173137
435867.068520892
428773.533150689
434984.071617149
436403.747452531
439145.09596796
434230.019903831
438418.212614568
435595.615192512
432086.916674596
430863.582758207
432093.367871516
428831.552558034
427722.826330247
430545.045578609
436109.831489884
434198.983351359
438297.479680451
441418.414584676
443322.708714449
443106.110804834
445412.729015531
449466.994207339
443767.508397679
441741.725590007
448153.348820039
447444.424141959
446467.429241695
446703.337412828
446906.834510028
447204.565678539
449095.790961485
451156.227246802
453873.855461198
452600.565548825
453618.528055538
451283.151010663
450073.998633544
449958.013062857
452654.639194511
451964.802715235
455751.917386609
455123.885017471
456482.83230503
459309.566741451
462171.700306086
457246.13625047
460140.061506183
459227.482066598
457870.500414538
458657.929292849
460089.483271002
460748.357595668
460207.507296711
463043.444067347
459894.306490181
460204.309313245
461512.583892745
462634.931698845
466841.906158219
466419.228403253
462015.222406277
462113.926619026
464375.633115229
462673.139368305
465270.155010009
463555.152435361
463913.322920354
469041.192186218
467814.52631919
467882.815946101
470721.213901316
474255.343118525
475858.115269028
480793.774663586
476212.663971639
478568.269000497
473930.778186069
479025.24355626
472814.892975442
466989.011685621
466044.241575157
464279.121115941
463392.612928996
466950.997563963
467781.70402145
467620.523995337
469304.770270191
466623.782118339
467571.23143382
469689.174384318
471841.493400524
472746.976437597
473296.501029038
475544.916639975
480582.883069223
481687.251417944
482249.566295676
481396.466874872
480149.221197408
485159.633955118
480670.837316094
484483.827235765
484233.56173173
482602.133040085
485406.387586359
483909.771490679
487601.439835184
491128.35512069
493591.972559216
501447.446399696
502832.548078809
505211.399719563
506526.988582108
503784.585513272
505221.13952778
505926.50959331
504923.583209199
506927.124424797
510498.901687538
511558.511980882
510276.781027789
516064.352580408
513140.167870009
511766.896855248
514203.617259566
509366.838984795
501537.157698776
504660.302921923
502939.170387757
507700.438496017
506720.4186313
504286.151020714
503694.756312455
503758.114163941
502414.838123672
500533.9412293
499488.403107372
502172.280805251
503184.758507438
503413.842117166
499747.97002838
494044.819493135
497747.285907769
499609.618249452
494891.902307731
492822.302713995
492394.095822453
492820.436394729
491012.659638227
490836.071360864
494324.678163541
492918.832263009
492542.889435651
495450.029546359
498495.770876807
499149.54320177
495748.95254835
493022.793292789
482865.534467004
488842.124376791
484639.701478511
485126.638501764
488015.555519105
486552.808598787
488130.207880101
490351.752119141
495691.632696681
495070.158060426
492012.671484832
487304.92514183
489452.860845016
489603.815004327
486563.011322782
493899.700831299
493080.008713383
490458.238594122
487373.651926993
488817.555961087
489195.739891716
492431.913767222
488421.496824994
491221.004061047
492265.548201659
490494.270936057
491523.54373603
487662.340248288
488538.282721223
484013.058473008
480694.098449736
481558.422584987
480690.535855183
482817.772567863
482135.426747564
483012.862371798
483450.683180593
472886.895505877
470976.364442209
469646.628836331
466940.478387632
473456.288992664
480287.398900944
485088.078461994
485676.024484925
486594.526138313
485569.225046604
489758.009333299
492136.696471445
491383.98290272
489836.301394256
490729.249366527
490019.075188074
491405.661286571
494425.751999827
493162.317240661
494393.203025421
492126.914629109
490573.323789841
491230.05567925
492839.931937591
492907.461464373
498468.573310522
502657.527046842
505942.498984686
511791.088739273
512993.762770829
511550.062732249
514396.696870037
511063.469170855
513203.62797414
514451.805015596
513852.238962187
515231.249843731
514029.643326239
513627.028679161
511800.816315902
512193.439491998
510246.725638916
508540.258347266
512792.686921892
513108.303438887
513010.240594555
513387.969726822
513327.228391304
513983.364090031
514975.138176387
515673.63966868
515384.834089797
516316.066250295
517971.917462135
515001.535512604
517919.223034203
519553.55441651
523166.484982327
525864.908095707
520961.405756661
519678.694008141
520466.143810745
525826.235620416
526324.784785416
530020.52145031
526493.985241005
526200.017955394
526222.105508168
530170.650072813
532228.019911606
530369.85876485
529351.496355112
530874.347651227
532617.522941423
534250.14595823
538656.262044998
537845.946581219
541005.879291936
543695.394189577
543012.844410198
543978.955673821
547684.88254517
546525.120515667
545307.578116694
543963.054380547
544643.650198942
540795.266250214
543314.574161211
545343.029470193
547368.910824612
548307.382212409
553649.904932672
555036.407334816
557275.234920198
555389.790965893
555922.138615457
555104.698563145
553428.340214611
551923.107973188
552930.625263339
551452.925180916
549717.929669706
546447.700373124
545123.01872391
547696.794045808
547788.961856497
548570.224182187
546241.838362775
546077.901307898
545722.232794838
548998.016379167
554988.731159613
552848.459886064
553793.110426397
553639.675947915
550845.929606191
550767.928258754
550299.301391517
552112.612901462
560773.491993979
558848.485293109
558223.90871183
557584.162560237
555592.346193253
554436.661240759
551003.98104558
550615.098702286
556035.885983709
558341.635794433
557551.309444493
556727.293964064
558258.81603161
562176.513631606
566259.703235081
561521.903490224
559507.435125131
559370.207684751
561683.018600049
562386.133264457
562212.495757381
562802.076963393
566403.748656149
564662.020846057
564373.993745425
570704.521440993
573047.911372869
573543.142072161
574184.224737882
573936.446095736
574700.359238312
570483.623995194
574972.538031516
569461.105038466
571406.915381361
573192.757069344
573383.347952636
579432.229613671
580526.842582796
583667.588495057
583732.788445064
590138.524915543
590020.481912817
588351.266481969
586748.635330394
587823.352142918
581835.640485014
584292.115372434
586558.566342249
586861.151163371
585373.621512138
587040.844725889
584766.793952227
583753.070961581
588272.6310888
583089.336664343
586939.832824801
586421.062297183
587739.77115522
589792.821243774
591700.305244288
595891.18952864
592567.16064243
585598.558676983
589783.609352517
591030.263681517
589954.017955987
588485.20894967
592138.760774846
592699.886969984
596810.518746008
600031.449099675
597164.513256211
596625.405156141
593969.843092494
594148.82811033
592714.248954743
593202.197022057
592864.91869542
593142.691218279
588481.442989627
587705.321902046
587571.465409696
591368.036648769
590237.311106374
589373.810704339
591507.896582203
592493.021101221
593136.492669536
589783.310814756
596213.037363448
595374.840570337
597575.680581316
602525.429633063
605520.592173296
603542.256250791
609029.619024383
612976.092897513
615324.183540651
616575.903568545
621591.11431362
620923.057946402
622758.078394673
620582.262957182
611488.928091934
606990.349489581
607014.565555514
608818.06388577
605424.16162513
612690.017121527
611003.367704734
609946.658152067
616457.789805522
618957.60199874
618827.932166274
618627.346739881
619586.94546164
622477.475335587
627691.190762981
621960.84661963
627434.330307271
630541.747529514
636683.431110354
636375.868277467
637495.884437447
637969.919659728
642000.1816742
650854.146678032
650965.086622249
650181.970898102
659576.219635809
657309.924083554
658363.842422106
658891.14973816
661157.130599352
657011.439232217
657486.272537426
656048.156697309
653116.487789237
653064.677399955
650269.618274638
659137.700682583
664089.295264269
659052.816047126
662975.343717643
659879.751059365
664191.363069689
667278.918699574
666096.986152639
668450.131020078
670228.443796428
676012.640629343
681531.673752958
687066.056150183
687883.866561749
691522.824939391
688182.328176841
688173.144191445
684745.214951948
684667.963084733
688714.100082651
693238.411116427
697604.794947268
695288.273046466
700974.088820672
699410.218674674
697115.22664593
696236.219989576
695271.356510106
698339.042079615
699697.761310292
701162.77883968
704356.819956255
702114.209878524
700444.166092274
703811.037109806
699136.197305733
699249.464958494
699258.310023068
697166.436643713
692459.268348776
698237.071552669
703267.314998719
702047.640658501
709839.360247797
707875.592651354
708169.508092859
714291.122574999
707644.351579835
712702.729649372
717520.896662418
728327.26223476
719662.934563999
707465.360545191
704422.426595753
712447.29294717
701493.71668847
672628.499018609
680735.987082182
675318.419073819
650013.393446986
663688.287386922
676155.87809919
677654.555872647
676545.386532706
679649.52256853
679676.160982646
675045.259623044
674605.020653915
680113.766875508
683998.505087569
692675.357955866
677095.327242287
669010.766562056
668825.168663556
676027.632599967
ts_monthly$rebalance.days
2501
2523
2545
2567
2589
2611
2633
2655
2677
2699
2721
2743
2765
2787
2809
2831
2853
2875
2897
2919
2941
2963
2985
3007
3029
3051
3073
3095
3117
3139
3161
3183
3205
3227
3249
3271
3293
3315
3337
3359
3381
3403
